{
  "so101_robot": {
    "home_pose": {
      "shoulder_pan.pos": -4.395604395604396,
      "shoulder_lift.pos": -102.28571428571429,
      "elbow_flex.pos": 96.3956043956044,
      "wrist_flex.pos": 59.69230769230769,
      "wrist_roll.pos": 1.4505494505494505,
      "gripper.pos": 0.20905923344947736
    },
    "grid": {
      "dataset": "pick-cube-so101",
      "pivot_xy": [
        0.041,
        0.0012
      ],
      "azim_zero_deg": 4.25,
      "reach_offset_cm": 3.77
    }
  }
}